{
	"version": 1,
	"changelists": [
		{
			"guid": "00000000000000000000000000000000",
			"description": "Default Uncontrolled Changelist",
			"files": [
				"C:/Users/garci/Desktop/Game/Platformer2D/Content/Maps/MAP_Main.umap",
				"C:/Users/garci/Desktop/Game/Platformer2D/Content/Blueprints/IA_Dash.uasset",
				"C:/Users/garci/Desktop/Game/Platformer2D/Content/Blueprints/BP_Player.uasset",
				"C:/Users/garci/Desktop/Game/Platformer2D/Content/Blueprints/IMC_Default.uasset",
				"C:/Users/garci/Desktop/Game/Platformer2D/Content/Blueprints/IA_Jump.uasset",
				"C:/Users/garci/Desktop/Game/Platformer2D/Content/Blueprints/Actions/IA_Jump.uasset",
				"C:/Users/garci/Desktop/Game/Platformer2D/Content/Blueprints/Actions/IA_Movement.uasset",
				"C:/Users/garci/Desktop/Game/Platformer2D/Content/Blueprints/IA_Movement.uasset",
				"C:/Users/garci/Desktop/Game/Platformer2D/Content/Blueprints/Actions/IA_Dash.uasset",
				"C:/Users/garci/Desktop/Game/Platformer2D/Content/DashFX.uasset",
				"C:/Users/haron/Desktop/Home/Platformer2D/Content/Maps/Map_Main.umap",
				"C:/Users/Seraf/Documents/Unreal Projects/Platformer2D/Content/Maps/Map_Main.umap",
				"C:/Users/Seraf/Documents/Unreal Projects/Platformer2D/Content/Assets/TS_OakWood.uasset",
				"C:/Users/Seraf/Documents/Unreal Projects/Platformer2D/Content/Assets/background_layer_1_TileSet.uasset",
				"C:/Users/Seraf/Documents/Unreal Projects/Platformer2D/Content/Assets/background_layer_2_TileSet.uasset",
				"C:/Users/Seraf/Documents/Unreal Projects/Platformer2D/Content/Assets/background_layer_3_TileSet.uasset",
				"C:/Users/Seraf/Documents/Unreal Projects/Platformer2D/Content/Assets/Textures/oak_woods_tileset.uasset",
				"C:/Users/Seraf/Documents/Unreal Projects/Platformer2D/Content/Assets/Textures/background_layer_1.uasset",
				"C:/Users/Seraf/Documents/Unreal Projects/Platformer2D/Content/Assets/Textures/background_layer_2.uasset",
				"C:/Users/Seraf/Documents/Unreal Projects/Platformer2D/Content/Assets/Textures/background_layer_3.uasset",
				"C:/Users/Seraf/Documents/Unreal Projects/Platformer2D/Content/Assets/Textures/char_blue.uasset",
				"C:/Users/Seraf/Documents/Unreal Projects/Platformer2D/Content/Assets/Textures/Decoration/fence_1.uasset",
				"C:/Users/Seraf/Documents/Unreal Projects/Platformer2D/Content/Assets/Textures/Decoration/fence_2.uasset",
				"C:/Users/Seraf/Documents/Unreal Projects/Platformer2D/Content/Assets/Textures/Decoration/grass_1.uasset",
				"C:/Users/Seraf/Documents/Unreal Projects/Platformer2D/Content/Assets/Textures/Decoration/grass_2.uasset",
				"C:/Users/Seraf/Documents/Unreal Projects/Platformer2D/Content/Assets/Textures/Decoration/grass_3.uasset",
				"C:/Users/Seraf/Documents/Unreal Projects/Platformer2D/Content/Assets/Textures/Decoration/lamp.uasset",
				"C:/Users/Seraf/Documents/Unreal Projects/Platformer2D/Content/Assets/Textures/Decoration/rock_2.uasset",
				"C:/Users/Seraf/Documents/Unreal Projects/Platformer2D/Content/Assets/Textures/Decoration/rock_3.uasset",
				"C:/Users/Seraf/Documents/Unreal Projects/Platformer2D/Content/Assets/Textures/Decoration/shop.uasset",
				"C:/Users/Seraf/Documents/Unreal Projects/Platformer2D/Content/Assets/Textures/Decoration/shop_anim.uasset",
				"C:/Users/Seraf/Documents/Unreal Projects/Platformer2D/Content/Assets/Textures/Decoration/sign.uasset",
				"C:/Users/Seraf/Documents/Unreal Projects/Platformer2D/Content/Assets/TM_OakWood.uasset",
				"C:/Users/Seraf/Documents/Unreal Projects/Platformer2D/Content/Blueprints/BP_Player.uasset",
				"C:/Users/Seraf/Documents/Unreal Projects/Platformer2D/Content/Assets/FB_IDLE.uasset",
				"C:/Users/Seraf/Documents/Unreal Projects/Platformer2D/Content/Assets/FB_Run.uasset",
				"C:/Users/Seraf/Documents/Unreal Projects/Platformer2D/Content/Assets/BP_Jump.uasset",
				"C:/Users/Seraf/Documents/Unreal Projects/Platformer2D/Content/Blueprints/BP_GameMode.uasset",
				"C:/Users/Seraf/Documents/Unreal Projects/Platformer2D/Content/Blueprints/BP_PlayerController.uasset",
				"C:/Users/Seraf/Documents/Unreal Projects/Platformer2D/Content/Assets/Textures/char_blue_Sprite_0.uasset",
				"C:/Users/Seraf/Documents/Unreal Projects/Platformer2D/Content/Assets/Textures/char_blue_Sprite_1.uasset",
				"C:/Users/Seraf/Documents/Unreal Projects/Platformer2D/Content/Assets/Textures/char_blue_Sprite_2.uasset",
				"C:/Users/Seraf/Documents/Unreal Projects/Platformer2D/Content/Assets/Textures/char_blue_Sprite_3.uasset",
				"C:/Users/Seraf/Documents/Unreal Projects/Platformer2D/Content/Assets/Textures/char_blue_Sprite_4.uasset",
				"C:/Users/Seraf/Documents/Unreal Projects/Platformer2D/Content/Assets/Textures/char_blue_Sprite_5.uasset",
				"C:/Users/Seraf/Documents/Unreal Projects/Platformer2D/Content/Assets/Textures/char_blue_Sprite_6.uasset",
				"C:/Users/Seraf/Documents/Unreal Projects/Platformer2D/Content/Assets/Textures/char_blue_Sprite_7.uasset",
				"C:/Users/Seraf/Documents/Unreal Projects/Platformer2D/Content/Assets/Textures/char_blue_Sprite_8.uasset",
				"C:/Users/Seraf/Documents/Unreal Projects/Platformer2D/Content/Assets/Textures/char_blue_Sprite_9.uasset",
				"C:/Users/Seraf/Documents/Unreal Projects/Platformer2D/Content/Assets/Textures/char_blue_Sprite_10.uasset",
				"C:/Users/Seraf/Documents/Unreal Projects/Platformer2D/Content/Assets/Textures/char_blue_Sprite_11.uasset",
				"C:/Users/Seraf/Documents/Unreal Projects/Platformer2D/Content/Assets/Textures/char_blue_Sprite_12.uasset",
				"C:/Users/Seraf/Documents/Unreal Projects/Platformer2D/Content/Assets/Textures/char_blue_Sprite_13.uasset",
				"C:/Users/Seraf/Documents/Unreal Projects/Platformer2D/Content/Assets/Textures/char_blue_Sprite_14.uasset",
				"C:/Users/Seraf/Documents/Unreal Projects/Platformer2D/Content/Assets/Textures/char_blue_Sprite_15.uasset",
				"C:/Users/Seraf/Documents/Unreal Projects/Platformer2D/Content/Assets/Textures/char_blue_Sprite_16.uasset",
				"C:/Users/Seraf/Documents/Unreal Projects/Platformer2D/Content/Assets/Textures/char_blue_Sprite_17.uasset",
				"C:/Users/Seraf/Documents/Unreal Projects/Platformer2D/Content/Assets/Textures/char_blue_Sprite_18.uasset",
				"C:/Users/Seraf/Documents/Unreal Projects/Platformer2D/Content/Assets/Textures/char_blue_Sprite_19.uasset",
				"C:/Users/Seraf/Documents/Unreal Projects/Platformer2D/Content/Assets/Textures/char_blue_Sprite_20.uasset",
				"C:/Users/Seraf/Documents/Unreal Projects/Platformer2D/Content/Assets/Textures/char_blue_Sprite_21.uasset",
				"C:/Users/Seraf/Documents/Unreal Projects/Platformer2D/Content/Assets/Textures/char_blue_Sprite_22.uasset",
				"C:/Users/Seraf/Documents/Unreal Projects/Platformer2D/Content/Assets/Textures/char_blue_Sprite_23.uasset",
				"C:/Users/Seraf/Documents/Unreal Projects/Platformer2D/Content/Assets/Textures/char_blue_Sprite_24.uasset",
				"C:/Users/Seraf/Documents/Unreal Projects/Platformer2D/Content/Assets/Textures/char_blue_Sprite_25.uasset",
				"C:/Users/Seraf/Documents/Unreal Projects/Platformer2D/Content/Assets/Textures/char_blue_Sprite_26.uasset",
				"C:/Users/Seraf/Documents/Unreal Projects/Platformer2D/Content/Assets/Textures/char_blue_Sprite_27.uasset",
				"C:/Users/Seraf/Documents/Unreal Projects/Platformer2D/Content/Assets/Textures/char_blue_Sprite_28.uasset",
				"C:/Users/Seraf/Documents/Unreal Projects/Platformer2D/Content/Assets/Textures/char_blue_Sprite_29.uasset",
				"C:/Users/Seraf/Documents/Unreal Projects/Platformer2D/Content/Assets/Textures/char_blue_Sprite_30.uasset",
				"C:/Users/Seraf/Documents/Unreal Projects/Platformer2D/Content/Assets/Textures/char_blue_Sprite_31.uasset",
				"C:/Users/Seraf/Documents/Unreal Projects/Platformer2D/Content/Assets/Textures/char_blue_Sprite_32.uasset",
				"C:/Users/Seraf/Documents/Unreal Projects/Platformer2D/Content/Assets/Textures/char_blue_Sprite_33.uasset",
				"C:/Users/Seraf/Documents/Unreal Projects/Platformer2D/Content/Assets/Textures/char_blue_Sprite_34.uasset",
				"C:/Users/Seraf/Documents/Unreal Projects/Platformer2D/Content/Assets/Textures/char_blue_Sprite_35.uasset",
				"C:/Users/Seraf/Documents/Unreal Projects/Platformer2D/Content/Assets/Textures/char_blue_Sprite_36.uasset",
				"C:/Users/Seraf/Documents/Unreal Projects/Platformer2D/Content/Assets/Textures/char_blue_Sprite_37.uasset",
				"C:/Users/Seraf/Documents/Unreal Projects/Platformer2D/Content/Assets/Textures/char_blue_Sprite_38.uasset",
				"C:/Users/Seraf/Documents/Unreal Projects/Platformer2D/Content/Assets/Textures/char_blue_Sprite_39.uasset",
				"C:/Users/Seraf/Documents/Unreal Projects/Platformer2D/Content/Assets/Textures/char_blue_Sprite_40.uasset",
				"C:/Users/Seraf/Documents/Unreal Projects/Platformer2D/Content/Assets/Textures/char_blue_Sprite_41.uasset",
				"C:/Users/Seraf/Documents/Unreal Projects/Platformer2D/Content/Assets/Textures/char_blue_Sprite_42.uasset",
				"C:/Users/Seraf/Documents/Unreal Projects/Platformer2D/Content/Assets/Textures/char_blue_Sprite_43.uasset",
				"C:/Users/Seraf/Documents/Unreal Projects/Platformer2D/Content/Assets/Textures/char_blue_Sprite_44.uasset",
				"C:/Users/Seraf/Documents/Unreal Projects/Platformer2D/Content/Assets/Textures/char_blue_Sprite_45.uasset",
				"C:/Users/Seraf/Documents/Unreal Projects/Platformer2D/Content/Assets/Textures/char_blue_Sprite_46.uasset",
				"C:/Users/Seraf/Documents/Unreal Projects/Platformer2D/Content/Assets/Textures/char_blue_Sprite_47.uasset",
				"C:/Users/Seraf/Documents/Unreal Projects/Platformer2D/Content/Assets/Textures/char_blue_Sprite_48.uasset",
				"C:/Users/Seraf/Documents/Unreal Projects/Platformer2D/Content/Assets/Textures/char_blue_Sprite_49.uasset",
				"C:/Users/Seraf/Documents/Unreal Projects/Platformer2D/Content/Assets/Textures/char_blue_Sprite_50.uasset",
				"C:/Users/Seraf/Documents/Unreal Projects/Platformer2D/Content/Assets/Textures/char_blue_Sprite_51.uasset",
				"C:/Users/Seraf/Documents/Unreal Projects/Platformer2D/Content/Assets/Textures/char_blue_Sprite_52.uasset",
				"C:/Users/Seraf/Documents/Unreal Projects/Platformer2D/Content/Assets/Textures/char_blue_Sprite_53.uasset",
				"C:/Users/Seraf/Documents/Unreal Projects/Platformer2D/Content/Assets/Textures/char_blue_Sprite_54.uasset",
				"C:/Users/Seraf/Documents/Unreal Projects/Platformer2D/Content/Assets/Textures/char_blue_Sprite_55.uasset",
				"C:/Users/Seraf/Documents/Unreal Projects/Platformer2D/Content/Blueprints/IA_Movement.uasset",
				"C:/Users/Seraf/Documents/Unreal Projects/Platformer2D/Content/Assets/Textures/Decoration/fence_1_Sprite.uasset",
				"C:/Users/Seraf/Documents/Unreal Projects/Platformer2D/Content/Assets/Textures/Decoration/shop_anim_Sprite.uasset",
				"C:/Users/Seraf/Documents/Unreal Projects/Platformer2D/Content/Assets/Textures/Decoration/sign_Sprite.uasset",
				"C:/Users/Seraf/Documents/Unreal Projects/Platformer2D/Content/Assets/Textures/Decoration/shop_Sprite.uasset",
				"C:/Users/Seraf/Documents/Unreal Projects/Platformer2D/Content/Assets/Textures/Decoration/rock_2_Sprite.uasset",
				"C:/Users/Seraf/Documents/Unreal Projects/Platformer2D/Content/Assets/Textures/Decoration/rock_3_Sprite.uasset",
				"C:/Users/Seraf/Documents/Unreal Projects/Platformer2D/Content/Assets/Textures/Decoration/lamp_Sprite.uasset",
				"C:/Users/Seraf/Documents/Unreal Projects/Platformer2D/Content/Assets/Textures/Decoration/grass_2_Sprite.uasset",
				"C:/Users/Seraf/Documents/Unreal Projects/Platformer2D/Content/Assets/Textures/Decoration/grass_3_Sprite.uasset",
				"C:/Users/Seraf/Documents/Unreal Projects/Platformer2D/Content/Assets/Textures/Decoration/grass_1_Sprite.uasset",
				"C:/Users/Seraf/Documents/Unreal Projects/Platformer2D/Content/Assets/Textures/Decoration/fence_2_Sprite.uasset",
				"C:/Users/Seraf/Documents/Unreal Projects/Platformer2D/Content/Assets/Textures/Decoration/shop_anim_Sprite_0.uasset",
				"C:/Users/Seraf/Documents/Unreal Projects/Platformer2D/Content/Assets/Textures/Decoration/shop_anim_Sprite_1.uasset",
				"C:/Users/Seraf/Documents/Unreal Projects/Platformer2D/Content/Assets/Textures/Decoration/shop_anim_Sprite_2.uasset",
				"C:/Users/Seraf/Documents/Unreal Projects/Platformer2D/Content/Assets/Textures/Decoration/shop_anim_Sprite_3.uasset",
				"C:/Users/Seraf/Documents/Unreal Projects/Platformer2D/Content/Assets/Textures/Decoration/shop_anim_Sprite_4.uasset",
				"C:/Users/Seraf/Documents/Unreal Projects/Platformer2D/Content/Assets/Textures/Decoration/shop_anim_Sprite_5.uasset",
				"C:/Users/Seraf/Documents/Unreal Projects/Platformer2D/Content/Assets/Textures/Decoration/shop_anim_Sprite_6.uasset",
				"C:/Users/Seraf/Documents/Unreal Projects/Platformer2D/Content/Assets/Textures/Decoration/shop_anim_Sprite_7.uasset",
				"C:/Users/Seraf/Documents/Unreal Projects/Platformer2D/Content/Assets/Textures/Decoration/shop_anim_Sprite_8.uasset",
				"C:/Users/Seraf/Documents/Unreal Projects/Platformer2D/Content/Assets/Textures/Decoration/shop_anim_Sprite_9.uasset",
				"C:/Users/Seraf/Documents/Unreal Projects/Platformer2D/Content/Assets/Textures/Decoration/shop_anim_Sprite_10.uasset",
				"C:/Users/Seraf/Documents/Unreal Projects/Platformer2D/Content/Assets/Textures/Decoration/shop_anim_Sprite_11.uasset",
				"C:/Users/Seraf/Documents/Unreal Projects/Platformer2D/Content/Assets/Textures/Decoration/shop_anim_Sprite_12.uasset",
				"C:/Users/Seraf/Documents/Unreal Projects/Platformer2D/Content/Assets/Textures/Decoration/shop_anim_Sprite_13.uasset",
				"C:/Users/Seraf/Documents/Unreal Projects/Platformer2D/Content/Assets/Textures/Decoration/shop_anim_Sprite_18.uasset",
				"C:/Users/Seraf/Documents/Unreal Projects/Platformer2D/Content/Assets/Textures/Decoration/shop_anim_Sprite_15.uasset",
				"C:/Users/Seraf/Documents/Unreal Projects/Platformer2D/Content/Assets/Textures/Decoration/shop_anim_Sprite_16.uasset",
				"C:/Users/Seraf/Documents/Unreal Projects/Platformer2D/Content/Assets/Textures/Decoration/shop_anim_Sprite_17.uasset",
				"C:/Users/Seraf/Documents/Unreal Projects/Platformer2D/Content/Assets/Textures/Decoration/FB_Shop.uasset",
				"C:/Users/Seraf/Documents/Unreal Projects/Platformer2D/Content/Blueprints/IMC_Default.uasset",
				"C:/Users/Seraf/Documents/Unreal Projects/Platformer2D/Content/Assets/Textures/oak_woods_tilesetPadded.uasset",
				"C:/Users/Seraf/Documents/Unreal Projects/Platformer2D/Content/Assets/Textures/background_layer_1Padded.uasset",
				"C:/Users/Seraf/Documents/Unreal Projects/Platformer2D/Content/Assets/Textures/background_layer_2Padded.uasset",
				"C:/Users/Seraf/Documents/Unreal Projects/Platformer2D/Content/Assets/Textures/background_layer_3Padded.uasset",
				"C:/Users/Seraf/Documents/Unreal Projects/Platformer2D/Content/Blueprints/IA_Jump.uasset",
				"C:/Users/Seraf/Documents/Unreal Projects/Platformer2D/Content/Blueprints/BP_MovingPlatform.uasset",
				"C:/Users/Seraf/Documents/Unreal Projects/Platformer2D/Content/WB_UI.uasset",
				"C:/Users/Seraf/Documents/Unreal Projects/Platformer2D/Content/Maps/MAP_Main_HLOD0_Instancing.uasset",
				"C:/Users/Seraf/Documents/Unreal Projects/Platformer2D/Content/__ExternalActors__/Maps/MAP_Main/D/SX/77IKIHTPHE2N7ZN0GWO9G7.uasset",
				"C:/Users/Seraf/Documents/Unreal Projects/Platformer2D/Content/__ExternalObjects__/Maps/MAP_Main/C/H5/SXNSQWO3N2M5DMB8TUG0DQ.uasset",
				"C:/Users/Seraf/Documents/Unreal Projects/Platformer2D/Content/__ExternalObjects__/Maps/MAP_Main/5/ZS/THS4IDNG9CLVRYZOL9PD0Q.uasset",
				"C:/Users/Seraf/Documents/Unreal Projects/Platformer2D/Content/__ExternalObjects__/Maps/MAP_Main/2/IL/2EUM8BRXIISGJFI4VO7P2R.uasset",
				"C:/Users/Seraf/Documents/Unreal Projects/Platformer2D/Content/__ExternalObjects__/Maps/MAP_Main/2/JA/SFSRA0PBUBQ3BHH45XO9NV.uasset",
				"C:/Users/Seraf/Documents/Unreal Projects/Platformer2D/Content/__ExternalObjects__/Maps/MAP_Main/7/4I/1W7HF7WDK2MC3FKBPG0NK0.uasset",
				"C:/Users/Seraf/Documents/Unreal Projects/Platformer2D/Content/__ExternalActors__/Maps/MAP_Main/C/RR/P36C8DUOOGH8HTYBS5L473.uasset",
				"C:/Users/Seraf/Documents/Unreal Projects/Platformer2D/Content/__ExternalActors__/Maps/MAP_Main/3/L6/6N4V7YCTTHL8OYSCNJ8KFE.uasset",
				"C:/Users/Seraf/Documents/Unreal Projects/Platformer2D/Content/__ExternalActors__/Maps/MAP_Main/2/O3/F47CG7Y4753WHD5NR4Y9VQ.uasset",
				"C:/Users/Seraf/Documents/Unreal Projects/Platformer2D/Content/__ExternalActors__/Maps/MAP_Main/1/NU/AQAMJQGYIFWWY6NZUFAGOQ.uasset",
				"C:/Users/Seraf/Documents/Unreal Projects/Platformer2D/Content/__ExternalActors__/Maps/MAP_Main/4/YV/FYC8ICO3YNFXML54UJI967.uasset",
				"C:/Users/Seraf/Documents/Unreal Projects/Platformer2D/Content/__ExternalActors__/Maps/MAP_Main/2/MN/QGS7L06G058HZU9RET5SR4.uasset",
				"C:/Users/Seraf/Documents/Unreal Projects/Platformer2D/Content/__ExternalActors__/Maps/MAP_Main/3/K0/QKI4K9CHOGOC87IPRY2BQ1.uasset",
				"C:/Users/Seraf/Documents/Unreal Projects/Platformer2D/Content/__ExternalActors__/Maps/MAP_Main/2/L8/MND5XB7PWQJY8Q276W5MZM.uasset",
				"C:/Users/Seraf/Documents/Unreal Projects/Platformer2D/Content/__ExternalActors__/Maps/MAP_Main/0/LD/SNXBN2BD0PGOT174ZCTTB4.uasset",
				"C:/Users/Seraf/Documents/Unreal Projects/Platformer2D/Content/__ExternalActors__/Maps/MAP_Main/2/FW/7QP9VW94UIUVCG56PGCMHY.uasset",
				"C:/Users/Seraf/Documents/Unreal Projects/Platformer2D/Content/__ExternalActors__/Maps/MAP_Main/A/2U/04CHE1OZBI4GV6EO03FXKW.uasset",
				"C:/Users/Seraf/Documents/Unreal Projects/Platformer2D/Content/__ExternalActors__/Maps/MAP_Main/3/A2/R2Q8754VPOEVZCTT0EGSLJ.uasset",
				"C:/Users/Seraf/Documents/Unreal Projects/Platformer2D/Content/__ExternalActors__/Maps/MAP_Main/9/Q9/Y77NVNVP2L84OPJO3FIBM6.uasset",
				"C:/Users/Seraf/Documents/Unreal Projects/Platformer2D/Content/__ExternalActors__/Maps/MAP_Main/A/X4/18XHAPNMHMWPYDTRL5R1DT.uasset",
				"C:/Users/Seraf/Documents/Unreal Projects/Platformer2D/Content/__ExternalActors__/Maps/MAP_Main/3/58/FSBUV2TUMDW1ZG3FCT7KZ9.uasset",
				"C:/Users/Seraf/Documents/Unreal Projects/Platformer2D/Content/__ExternalActors__/Maps/MAP_Main/3/0P/QLULTGCORXPP6LGIIC30I4.uasset",
				"C:/Users/Seraf/Documents/Unreal Projects/Platformer2D/Content/__ExternalActors__/Maps/MAP_Main/2/KS/2ONJBK87C5NJRO0RBYLTYO.uasset",
				"C:/Users/Seraf/Documents/Unreal Projects/Platformer2D/Content/__ExternalActors__/Maps/MAP_Main/3/6L/8VEN5GFXG78B5Z2XEC9HKO.uasset",
				"C:/Users/Seraf/Documents/Unreal Projects/Platformer2D/Content/__ExternalActors__/Maps/MAP_Main/A/0F/ID8KHKSI6OS4DFJAFE98E0.uasset",
				"C:/Users/Seraf/Documents/Unreal Projects/Platformer2D/Content/__ExternalActors__/Maps/MAP_Main/D/U0/T0K0IY3Q60K1WQQI98WEDS.uasset",
				"C:/Users/Seraf/Documents/Unreal Projects/Platformer2D/Content/__ExternalActors__/Maps/MAP_Main/6/IT/HEX6LJ7PALYHB3DUVJPTSF.uasset",
				"C:/Users/Seraf/Documents/Unreal Projects/Platformer2D/Content/__ExternalActors__/Maps/MAP_Main/4/43/TA3ZQZXZHU0BWFO1NV1851.uasset",
				"C:/Users/Seraf/Documents/Unreal Projects/Platformer2D/Content/__ExternalActors__/Maps/MAP_Main/2/4W/DIMDALY5Q6YIJVEGFRR34F.uasset",
				"C:/Users/Seraf/Documents/Unreal Projects/Platformer2D/Content/__ExternalActors__/Maps/MAP_Main/5/OO/XJOV7H2YVXOOGYUIYXPILG.uasset",
				"C:/Users/Seraf/Documents/Unreal Projects/Platformer2D/Content/__ExternalActors__/Maps/MAP_Main/C/2Z/VOTG981PA1OKTR93XF4EEX.uasset",
				"C:/Users/Seraf/Documents/Unreal Projects/Platformer2D/Content/__ExternalActors__/Maps/MAP_Main/4/VN/PEMGI6LNPXG6Q1XT223AU3.uasset",
				"C:/Users/Seraf/Documents/Unreal Projects/Platformer2D/Content/__ExternalActors__/Maps/MAP_Main/F/0O/7M0KLMVHSTKLKN4A34K76R.uasset",
				"C:/Users/Seraf/Documents/Unreal Projects/Platformer2D/Content/__ExternalActors__/Maps/MAP_Main/D/9E/FNNQRQC1E9MDSJGRFTEFN7.uasset",
				"C:/Users/Seraf/Documents/Unreal Projects/Platformer2D/Content/__ExternalActors__/Maps/MAP_Main/A/0X/OV6CKFPTRJF75KCY1GQVKQ.uasset",
				"C:/Users/Seraf/Documents/Unreal Projects/Platformer2D/Content/__ExternalActors__/Maps/MAP_Main/C/MO/BJFVVYPYCGMSI89MKIT4SY.uasset",
				"C:/Users/Seraf/Documents/Unreal Projects/Platformer2D/Content/__ExternalActors__/Maps/MAP_Main/6/Y7/6GU0Y0VAOYW4OZY42MJHWU.uasset",
				"C:/Users/Seraf/Documents/Unreal Projects/Platformer2D/Content/__ExternalActors__/Maps/MAP_Main/4/C4/8EA7TDC2GT7V94ND6RYRLP.uasset",
				"C:/Users/Seraf/Documents/Unreal Projects/Platformer2D/Content/__ExternalActors__/Maps/MAP_Main/4/NP/Z3864QDXPPPU14WNUUOWIC.uasset",
				"C:/Users/Seraf/Documents/Unreal Projects/Platformer2D/Content/__ExternalActors__/Maps/MAP_Main/0/1L/AS3QJW003QV2ZQM6W31YWS.uasset",
				"C:/Users/Seraf/Documents/Unreal Projects/Platformer2D/Content/__ExternalActors__/Maps/MAP_Main/0/XG/PWPU2241Q7ESMR2IIRYM40.uasset",
				"C:/Users/Seraf/Documents/Unreal Projects/Platformer2D/Content/__ExternalActors__/Maps/MAP_Main/9/FM/D8N6PKC570WM3NJ29MRZIA.uasset",
				"C:/Users/Seraf/Documents/Unreal Projects/Platformer2D/Content/__ExternalActors__/Maps/MAP_Main/4/C6/RG6FS0VFO6RLWHV5HQH5WS.uasset",
				"C:/Users/Seraf/Documents/Unreal Projects/Platformer2D/Content/__ExternalActors__/Maps/MAP_Main/8/I3/9OTXCR6KJ1DW82INOH3G55.uasset",
				"C:/Users/Seraf/Documents/Unreal Projects/Platformer2D/Content/__ExternalActors__/Maps/MAP_Main/2/IN/AS3FDF9V5U5PAJGZLOSLL9.uasset",
				"C:/Users/Seraf/Documents/Unreal Projects/Platformer2D/Content/__ExternalActors__/Maps/MAP_Main/E/RI/LQIRSW8P319PUNXJYB2BC1.uasset",
				"C:/Users/Seraf/Documents/Unreal Projects/Platformer2D/Content/__ExternalActors__/Maps/MAP_Main/4/JZ/678D1DZWLTJQKY6YUZJITR.uasset",
				"C:/Users/Seraf/Documents/Unreal Projects/Platformer2D/Content/__ExternalActors__/Maps/MAP_Main/2/JG/M1L50Z39INWRCNIJ3EHDGQ.uasset",
				"C:/Users/Seraf/Documents/Unreal Projects/Platformer2D/Content/__ExternalActors__/Maps/MAP_Main/9/BU/GGYSBXS01FYYEWRJSLZU9F.uasset",
				"C:/Users/Seraf/Documents/Unreal Projects/Platformer2D/Content/__ExternalActors__/Maps/MAP_Main/C/HK/IIR8PNHH1SWW83Z6LLJLES.uasset",
				"C:/Users/Seraf/Documents/Unreal Projects/Platformer2D/Content/__ExternalActors__/Maps/MAP_Main/6/N4/LO3ZSHRUMXDA6MO0T87H99.uasset",
				"C:/Users/Seraf/Documents/Unreal Projects/Platformer2D/Content/__ExternalActors__/Maps/MAP_Main/9/B7/1TG2GQSJT1T1OEA1C14Y2W.uasset",
				"C:/Users/Seraf/Documents/Unreal Projects/Platformer2D/Content/__ExternalActors__/Maps/MAP_Main/9/GI/LSGU67YBCDIVJ0JZ5URIRC.uasset",
				"C:/Users/Seraf/Documents/Unreal Projects/Platformer2D/Content/__ExternalActors__/Maps/MAP_Main/8/3T/MXJM55B6AM1MQEY8ASPZ6K.uasset",
				"C:/Users/Seraf/Documents/Unreal Projects/Platformer2D/Content/__ExternalActors__/Maps/MAP_Main/7/OL/GD0T0J5FRRECWXQYIAHBCC.uasset",
				"C:/Users/Seraf/Documents/Unreal Projects/Platformer2D/Content/__ExternalActors__/Maps/MAP_Main/A/JY/I3A52XT9KHEFI0L3K9ZFV1.uasset",
				"C:/Users/Seraf/Documents/Unreal Projects/Platformer2D/Content/__ExternalActors__/Maps/MAP_Main/9/BX/A3MWFX20CE0MAFG5IKNNCI.uasset",
				"C:/Users/Seraf/Documents/Unreal Projects/Platformer2D/Content/__ExternalActors__/Maps/MAP_Main/3/2G/6DAZJ20RR200PYQ2I11MLC.uasset",
				"C:/Users/Seraf/Documents/Unreal Projects/Platformer2D/Content/__ExternalActors__/Maps/MAP_Main/3/M5/QP8AKYJ9X6WTZGFZ01S653.uasset",
				"C:/Users/Seraf/Documents/Unreal Projects/Platformer2D/Content/__ExternalActors__/Maps/MAP_Main/B/RN/O066CO4ODV625JNKGU83HQ.uasset",
				"C:/Users/Seraf/Documents/Unreal Projects/Platformer2D/Content/__ExternalActors__/Maps/MAP_Main/0/9R/0PG23C28HLJGD87WA235RK.uasset",
				"C:/Users/Seraf/Documents/Unreal Projects/Platformer2D/Content/__ExternalActors__/Maps/MAP_Main/5/NA/KAQA0WBNJGX2O6NXR7YWZM.uasset",
				"C:/Users/Seraf/Documents/Unreal Projects/Platformer2D/Content/__ExternalActors__/Maps/MAP_Main/6/VU/LY0L09GARPTEZC3RBY95PI.uasset",
				"C:/Users/Seraf/Documents/Unreal Projects/Platformer2D/Content/__ExternalActors__/Maps/MAP_Main/B/2W/1J0OHTTTFD81JH1X2CC1X7.uasset",
				"C:/Users/Seraf/Documents/Unreal Projects/Platformer2D/Content/__ExternalActors__/Maps/MAP_Main/5/5F/ESDLEJ42ALA6G17RH37GOK.uasset",
				"C:/Users/Seraf/Documents/Unreal Projects/Platformer2D/Content/__ExternalActors__/Maps/MAP_Main/4/R7/YIZB10265MBR5SN2IA1IB5.uasset",
				"C:/Users/Seraf/Documents/Unreal Projects/Platformer2D/Content/__ExternalActors__/Maps/MAP_Main/2/RF/HVZ5Z87MOTJEV69RBBAIDU.uasset",
				"C:/Users/Seraf/Documents/Unreal Projects/Platformer2D/Content/__ExternalActors__/Maps/MAP_Main/0/YO/5WZGKT347BQPX7KHZTZTHF.uasset",
				"C:/Users/Seraf/Documents/Unreal Projects/Platformer2D/Content/__ExternalActors__/Maps/MAP_Main/2/2O/ADJCD8FUZ05YY55X3419MI.uasset",
				"C:/Users/Seraf/Documents/Unreal Projects/Platformer2D/Content/__ExternalActors__/Maps/MAP_Main/5/DP/0Y8Q6WY5DOKX2I103OUIN9.uasset",
				"C:/Users/Seraf/Documents/Unreal Projects/Platformer2D/Content/__ExternalActors__/Maps/MAP_Main/A/HE/S5WHWC373YE0FBN42RKHVM.uasset",
				"C:/Users/Seraf/Documents/Unreal Projects/Platformer2D/Content/__ExternalActors__/Maps/MAP_Main/5/E7/WW2NP1PBBZQQJWEEKLC94F.uasset",
				"C:/Users/Seraf/Documents/Unreal Projects/Platformer2D/Content/__ExternalActors__/Maps/MAP_Main/0/NQ/LPS5PRY5S3UOCAH4NNKV9L.uasset",
				"C:/Users/Seraf/Documents/Unreal Projects/Platformer2D/Content/__ExternalActors__/Maps/MAP_Main/E/VN/JF6QHVMNA4PXH2HFD69N77.uasset",
				"C:/Users/Seraf/Documents/Unreal Projects/Platformer2D/Content/__ExternalActors__/Maps/MAP_Main/2/MU/PL5FVHM6RV678ZCGO68Z7M.uasset",
				"C:/Users/Seraf/Documents/Unreal Projects/Platformer2D/Content/__ExternalActors__/Maps/MAP_Main/9/50/YDVHPBKF88J4BUQKASRKXZ.uasset",
				"C:/Users/Seraf/Documents/Unreal Projects/Platformer2D/Content/__ExternalActors__/Maps/MAP_Main/9/YP/QKJ6T3YHIQ87BSKC77SYFJ.uasset",
				"C:/Users/Seraf/Documents/Unreal Projects/Platformer2D/Content/__ExternalActors__/Maps/MAP_Main/7/WA/6HGWQ2362G5JLBQR4DQ4TX.uasset",
				"C:/Users/Seraf/Documents/Unreal Projects/Platformer2D/Content/Maps/Map_Main2.umap",
				"C:/Users/Seraf/Documents/Unreal Projects/Platformer2D/Content/Assets/oak_woods_tileset_TileSet.uasset",
				"C:/Users/Seraf/Documents/Unreal Projects/Platformer2D/Content/Assets/Textures/FB_IDLE.uasset"
			]
		}
	]
}